create database comic_database;

SET SQL_MODE = "NO_AUTO_VALUE_ON_ZERO";
SET AUTOCOMMIT = 0;
START TRANSACTION;
SET time_zone = "+00:00";

use comic_database;

CREATE TABLE author (
    id_author varchar(10) NOT NULL,
    name_author varchar(20) NOT NULL,
    PRIMARY KEY (id_author)
) ENGINE=MyISAM DEFAULT CHARSET=utf8;

INSERT INTO author(id_author, name_author) VALUES 
    ('au00','Đang cập nhật'),
    ('au01', 'Thiên Tằm Thổ Đậu'),
    ('au02', 'Mạc Mặc'),
    ('au03', 'Loạn'),
    ('au04', 'Trúc Dĩ'),
    ('au05', 'Cao Trầm'),
    ('au06', 'Cổ Hi'),
    ('au07', 'Endou Tatsuya'),
    ('au08', 'Kishimoto Mashashi'),
    ('au09', 'Kodachi Ukyou'),
    ('au10', 'Tabata Yuuki'),
    ('au11', 'Murata Yuusuke'),
    ('au12', 'Miyajima Reiji'),
    ('au13', 'Nomura Yuusuke'),
    ('au14', 'Suzuki Yuuto'),
    ('au15', 'Jang Sung Lak'),
    ('au16', 'Kim'),
    ('au17', 'Yu Ijin');

CREATE TABLE comic (
    id_comic varchar(10) NOT NULL,
    name_comic varchar(45) NOT NULL,
    content TEXT NOT NULL,
    view INT NOT NULL,
    image_url varchar(45) NOT NULL,
    url_comic varchar(45) NOT NULL,
    likes INT NOT NULL,
    sc INT NOT NULL,
    created_at date NOT NULL,
    updated_at date NOT NULL,
    id_author varchar(10) NOT NULL,
    PRIMARY KEY(id_comic),
    FOREIGN KEY(id_author) REFERENCES author(id_author)
) ENGINE=MyISAM DEFAULT CHARSET=utf8;

INSERT INTO comic(id_comic, name_comic, content, view, image_url, url_comic, likes, sc, created_at, updated_at, id_author) VALUES
    ('cm01', 'Cửa Hàng Sủng Thú Siêu Thần', 'Truyện tranh CHSTST', 1000, 'cua_hang_sung_thu_sieu_than/anh_bia.jpg','cua_hang_sung_thu_sieu_than/', 2000, 10, '2024/03/21', '2024/04/01', 'au06' ),
    ('cm02', 'Chàng Rể Mạnh Nhất Lịch Sử', 'Truyện tranh CRMNLS', 900, 'chang_re_manh_nhat_lich_su/anh_bia.jpg','chang_re_manh_nhat_lich_su/', 1800, 9, '2024/03/21', '2024/04/02', 'au05' ),
    ('cm03', 'Khó Dỗ Dành', 'Truyện tranh KDD', 1000, 'kho_do_danh/anh_bia.jpg','kho_do_danh/', 2000, 10, '2024/03/21', '2024/04/03', 'au04' ),
    ('cm04', 'Nguyên Tôn', 'Truyện tranh NT', 900, 'nguyen_ton/anh_bia.jpg','nguyen_ton/', 1800, 9, '2024/03/21', '2024/04/01', 'au01' ),
    ('cm05', 'Toàn Chức Pháp Sư', 'Truyện tranh TCPS', 1000, 'toan_chuc_phap_su/anh_bia.jpg','toan_chuc_phap_su/', 2000, 10, '2024/03/21', '2024/04/04', 'au03' ),
    ('cm06', 'Tinh Giáp Hồn Tướng', 'Truyện tranh TGHT', 800, 'tinh_giap_hon_tuong/anh_bia.jpg','tinh_giap_hon_tuong/', 1600, 8, '2024/03/21', '2024/04/04', 'au00' ),
    ('cm07', 'Võ Luyện Đỉnh Phong', 'Truyện tranh VLDP', 900, 'vo_luyen_dinh_phong/anh_bia.jpg','vo_luyen_dinh_phong/', 1800, 9, '2024/03/21', '2024/04/05', 'au03' ),
    ('cm08', 'Vụng Trộm Không Thể Giấu', 'Truyện tranh VTKTG', 1000, 'vung_trom_khong_the_dau/anh_bia.jpg','vung_trom_khong_the_dau/', 2000, 10, '2024/03/21', '2024/04/01', 'au04' ),
    ('cm09', 'Black Clover', 'Manga BLKCL', 800, 'black_clover/anh_bia.jpg','black_clover/', 1600, 8, '2024/03/21', '2024/04/06', 'au07' ),
    ('cm10', 'Boruto', 'Manga BRT', 800, 'boruto/anh_bia.jpg','boruto/', 1600, 8, '2024/03/21', '2024/04/07', 'au08' ),
    ('cm11', 'Dịch Vụ Cho Thuê Bạn Gái', 'Manga DVCTBG', 800, 'dich_vu_cho_thue_ban_gai/anh_bia.jpg','dich_vu_cho_thue_ban_gai/', 1600, 8, '2024/03/21', '2024/04/01', 'au09' ),
    ('cm12', 'Spy x Family', 'Manga GDDV', 800, 'spyxfamily/anh_bia.jpg','spyxfamily/', 1600, 8, '2024/03/21', '2024/04/02', 'au10' ),
    ('cm13', 'Naruto', 'Manga NRT', 800, 'naruto/anh_bia.jpg','naruto/', 1600, 8, '2024/03/21', '2024/04/08', 'au11' ),
    ('cm14', 'OnePunch Man', 'Manga OPM', 800, 'one_punch/anh_bia.jpg','one_punch/', 1600, 8, '2024/03/21', '2024/04/07', 'au12' ),
    ('cm15', 'Sát Thủ Về Vườn', 'Manga STVV', 800, 'sat_thu_ve_vuon/anh_bia.jpg','sat_thu_ve_vuon/', 1600, 8, '2024/03/21', '2024/04/09', 'au13' ),
    ('cm16', 'Tiền Đạo Số 1', 'Manga TDS1', 800, 'tien_dao_so_1/anh_bia.jpg','tien_dao_so_1/', 1600, 8, '2024/03/21', '2024/04/10', 'au14' ),
    ('cm17', 'Vị Hôn Thê Khế Ước Của Công Tước', 'Manwa CVKU', 900, 'vi_hon_the_khe_uoc_cua_cong_tuoc/anh_bia.jpg','vi_hon_the_khe_uoc_cua_cong_tuoc/', 1800, 9, '2024/03/21', '2024/04/11', 'au00' ),
    ('cm18', 'Thiết Kiếm Sĩ Hồi Quy', 'Manwa TKSHQ', 700, 'thiet_kiem_si_hoi_quy/anh_bia.jpg','thiet_kiem_si_hoi_quy/', 1400, 7, '2024/03/21', '2024/04/01', 'au16' ),
    ('cm19', 'Solo Leveling 1', 'Manwa SLLVL1', 800, 'solo_leveling_1/anh_bia.jpg','solo_leveling_1/', 1600, 8, '2024/03/21', '2024/04/05', 'au15' ),
    ('cm20', 'Solo Leveling 2', 'Manwa SLLVL2', 800, 'solo_leveling_2/anh_bia.jpg','solo_leveling_2/', 1600, 8, '2024/03/21', '2024/04/06', 'au15' ),
    ('cm21', 'Solo Leveling 3', 'Manwa SLLVL3', 800, 'solo_leveling_3/anh_bia.jpg','solo_leveling_3/', 1600, 8, '2024/03/21', '2024/04/08', 'au15' ),
    ('cm22', 'Cướp Dâu', 'Manwa CD', 900, 'cuop_dau/anh_bia.jpg','cuop_dau/', 1800, 9, '2024/03/21', '2024/04/09', 'au00' ),
    ('cm23', 'Cung Quỷ Kiếm Thần', 'Manwa CQKT', 700, 'cung_quy_kiem_than/anh_bia.jpg','cung_quy_kiem_than/', 1400, 7, '2024/03/21', '2024/04/3', 'au16' ),
    ('cm24', 'Bạn Học Tôi Là Lính Đánh Thuê', 'Manwa BHTLLDT', 800, 'ban_hoc_toi_la_linh_danh_thue/anh_bia.jpg','ban_hoc_toi_la_linh_danh_thue/', 1600, 8, '2024/03/21', '2024/04/15', 'au00' );

CREATE TABLE chapter (
    id_chapter varchar(10) NOT NULL,
    name_chapter varchar(15) NOT NULL,
    view_chapter INT NOT NULL,
    like_chapter INT NOT NULL,
    updated_at date NOT NULL,
    url_chapter varchar(50) NOT NULL,
    id_comic varchar(10) NOT NULL,
    PRIMARY KEY (id_chapter),
    FOREIGN KEY (id_comic) REFERENCES comic(id_comic)
) ENGINE=MyISAM DEFAULT CHARSET=utf8;

INSERT INTO chapter(id_chapter, name_chapter, view_chapter, like_chapter, updated_at, url_chapter, id_comic) VALUES
    ('c1','Chapter 1', 100, 200, '2024/04/01', 'cua_hang_sung_thu_sieu_than/chapter_1', 'cm01'),
    ('c2','Chapter 2', 100, 200, '2024/04/01', 'cua_hang_sung_thu_sieu_than/chapter_2', 'cm01'),
    ('c3','Chapter 3', 100, 200, '2024/04/01', 'cua_hang_sung_thu_sieu_than/chapter_3', 'cm01'),
    ('c4','Chapter 4', 100, 200, '2024/04/01', 'cua_hang_sung_thu_sieu_than/chapter_4', 'cm01'),
    ('c5','Chapter 5', 100, 200, '2024/04/01', 'cua_hang_sung_thu_sieu_than/chapter_5', 'cm01'),
    ('c6','Chapter 6', 100, 200, '2024/04/01', 'cua_hang_sung_thu_sieu_than/chapter_6', 'cm01'),
    ('c7','Chapter 7', 100, 200, '2024/04/01', 'cua_hang_sung_thu_sieu_than/chapter_7', 'cm01'),
    ('c8','Chapter 8', 100, 200, '2024/04/01', 'cua_hang_sung_thu_sieu_than/chapter_8', 'cm01'),
    ('c9','Chapter 9', 100, 200, '2024/04/01', 'cua_hang_sung_thu_sieu_than/chapter_9', 'cm01'),
    ('c10','Chapter 10', 100, 200, '2024/04/01', 'cua_hang_sung_thu_sieu_than/chapter_10', 'cm01'),
    ('c11','Chapter 1', 100, 200, '2024/04/01', 'chang_re_manh_nhat_lich_su/chapter_1', 'cm02'),
    ('c12','Chapter 2', 100, 200, '2024/04/01', 'chang_re_manh_nhat_lich_su/chapter_2', 'cm02'),
    ('c13','Chapter 3', 100, 200, '2024/04/01', 'chang_re_manh_nhat_lich_su/chapter_3', 'cm02'),
    ('c14','Chapter 4', 100, 200, '2024/04/01', 'chang_re_manh_nhat_lich_su/chapter_4', 'cm02'),
    ('c15','Chapter 5', 100, 200, '2024/04/01', 'chang_re_manh_nhat_lich_su/chapter_5', 'cm02'),
    ('c16','Chapter 6', 100, 200, '2024/04/01', 'chang_re_manh_nhat_lich_su/chapter_6', 'cm02'),
    ('c17','Chapter 7', 100, 200, '2024/04/01', 'chang_re_manh_nhat_lich_su/chapter_7', 'cm02'),
    ('c18','Chapter 8', 100, 200, '2024/04/01', 'chang_re_manh_nhat_lich_su/chapter_8', 'cm02'),
    ('c19','Chapter 9', 100, 200, '2024/04/01', 'chang_re_manh_nhat_lich_su/chapter_9', 'cm02'),
    ('c20','Chapter 1', 100, 200, '2024/04/01', 'kho_do_danh/chapter_1', 'cm03'),
    ('c21','Chapter 2', 100, 200, '2024/04/01', 'kho_do_danh/chapter_2', 'cm03'),
    ('c22','Chapter 3', 100, 200, '2024/04/01', 'kho_do_danh/chapter_3', 'cm03'),
    ('c23','Chapter 4', 100, 200, '2024/04/01', 'kho_do_danh/chapter_4', 'cm03'),
    ('c24','Chapter 5', 100, 200, '2024/04/01', 'kho_do_danh/chapter_5', 'cm03'),
    ('c25','Chapter 6', 100, 200, '2024/04/01', 'kho_do_danh/chapter_6', 'cm03'),
    ('c26','Chapter 7', 100, 200, '2024/04/01', 'kho_do_danh/chapter_7', 'cm03'),
    ('c27','Chapter 8', 100, 200, '2024/04/01', 'kho_do_danh/chapter_8', 'cm03'),
    ('c28','Chapter 9', 100, 200, '2024/04/01', 'kho_do_danh/chapter_9', 'cm03'),
    ('c29','Chapter 10', 100, 200, '2024/04/01', 'kho_do_danh/chapter_10', 'cm03'),
    ('c30','Chapter 1', 100, 200, '2024/04/01', 'nguyen_ton/chapter_1', 'cm04'),
    ('c31','Chapter 2', 100, 200, '2024/04/01', 'nguyen_ton/chapter_2', 'cm04'),
    ('c32','Chapter 3', 100, 200, '2024/04/01', 'nguyen_ton/chapter_3', 'cm04'),
    ('c33','Chapter 4', 100, 200, '2024/04/01', 'nguyen_ton/chapter_4', 'cm04'),
    ('c34','Chapter 5', 100, 200, '2024/04/01', 'nguyen_ton/chapter_5', 'cm04'),
    ('c35','Chapter 6', 100, 200, '2024/04/01', 'nguyen_ton/chapter_6', 'cm04'),
    ('c36','Chapter 7', 100, 200, '2024/04/01', 'nguyen_ton/chapter_7', 'cm04'),
    ('c37','Chapter 8', 100, 200, '2024/04/01', 'nguyen_ton/chapter_8', 'cm04'),
    ('c38','Chapter 9', 100, 200, '2024/04/01', 'nguyen_ton/chapter_9', 'cm04'),
    ('c39','Chapter 1', 100, 200, '2024/04/01', 'toan_chuc_phap_su/chapter_1', 'cm05'),
    ('c40','Chapter 2', 100, 200, '2024/04/01', 'toan_chuc_phap_su/chapter_2', 'cm05'),
    ('c41','Chapter 3', 100, 200, '2024/04/01', 'toan_chuc_phap_su/chapter_3', 'cm05'),
    ('c42','Chapter 4', 100, 200, '2024/04/01', 'toan_chuc_phap_su/chapter_4', 'cm05'),
    ('c43','Chapter 5', 100, 200, '2024/04/01', 'toan_chuc_phap_su/chapter_5', 'cm05'),
    ('c44','Chapter 6', 100, 200, '2024/04/01', 'toan_chuc_phap_su/chapter_6', 'cm05'),
    ('c45','Chapter 7', 100, 200, '2024/04/01', 'toan_chuc_phap_su/chapter_7', 'cm05'),
    ('c46','Chapter 8', 100, 200, '2024/04/01', 'toan_chuc_phap_su/chapter_8', 'cm05'),
    ('c47','Chapter 9', 100, 200, '2024/04/01', 'toan_chuc_phap_su/chapter_9', 'cm05'),
    ('c48','Chapter 10', 100, 200, '2024/04/01', 'toan_chuc_phap_su/chapter_10', 'cm05'),
    ('c49','Chapter 1', 100, 200, '2024/04/01', 'tinh_giap_hon_tuong/chapter_1', 'cm06'),
    ('c50','Chapter 2', 100, 200, '2024/04/01', 'tinh_giap_hon_tuong/chapter_2', 'cm06'),
    ('c51','Chapter 3', 100, 200, '2024/04/01', 'tinh_giap_hon_tuong/chapter_3', 'cm06'),
    ('c52','Chapter 4', 100, 200, '2024/04/01', 'tinh_giap_hon_tuong/chapter_4', 'cm06'),
    ('c53','Chapter 5', 100, 200, '2024/04/01', 'tinh_giap_hon_tuong/chapter_5', 'cm06'),
    ('c54','Chapter 6', 100, 200, '2024/04/01', 'tinh_giap_hon_tuong/chapter_6', 'cm06'),
    ('c55','Chapter 7', 100, 200, '2024/04/01', 'tinh_giap_hon_tuong/chapter_7', 'cm06'),
    ('c56','Chapter 8', 100, 200, '2024/04/01', 'tinh_giap_hon_tuong/chapter_8', 'cm06'),
    ('c57','Chapter 1', 100, 200, '2024/04/01', 'vo_luyen_dinh_phong/chapter_1', 'cm07'),
    ('c58','Chapter 2', 100, 200, '2024/04/01', 'vo_luyen_dinh_phong/chapter_2', 'cm07'),
    ('c59','Chapter 3', 100, 200, '2024/04/01', 'vo_luyen_dinh_phong/chapter_3', 'cm07'),
    ('c60','Chapter 4', 100, 200, '2024/04/01', 'vo_luyen_dinh_phong/chapter_4', 'cm07'),
    ('c61','Chapter 5', 100, 200, '2024/04/01', 'vo_luyen_dinh_phong/chapter_5', 'cm07'),
    ('c62','Chapter 6', 100, 200, '2024/04/01', 'vo_luyen_dinh_phong/chapter_6', 'cm07'),
    ('c63','Chapter 7', 100, 200, '2024/04/01', 'vo_luyen_dinh_phong/chapter_7', 'cm07'),
    ('c64','Chapter 8', 100, 200, '2024/04/01', 'vo_luyen_dinh_phong/chapter_8', 'cm07'),
    ('c65','Chapter 9', 100, 200, '2024/04/01', 'vo_luyen_dinh_phong/chapter_9', 'cm07'),
    ('c66','Chapter 1', 100, 200, '2024/04/01', 'vung_trom_khong_the_dau/chapter_1', 'cm08'),
    ('c67','Chapter 2', 100, 200, '2024/04/01', 'vung_trom_khong_the_dau/chapter_2', 'cm08'),
    ('c68','Chapter 3', 100, 200, '2024/04/01', 'vung_trom_khong_the_dau/chapter_3', 'cm08'),
    ('c69','Chapter 4', 100, 200, '2024/04/01', 'vung_trom_khong_the_dau/chapter_4', 'cm08'),
    ('c70','Chapter 5', 100, 200, '2024/04/01', 'vung_trom_khong_the_dau/chapter_5', 'cm08'),
    ('c71','Chapter 6', 100, 200, '2024/04/01', 'vung_trom_khong_the_dau/chapter_6', 'cm08'),
    ('c72','Chapter 7', 100, 200, '2024/04/01', 'vung_trom_khong_the_dau/chapter_7', 'cm08'),
    ('c73','Chapter 8', 100, 200, '2024/04/01', 'vung_trom_khong_the_dau/chapter_8', 'cm08'),
    ('c74','Chapter 9', 100, 200, '2024/04/01', 'vung_trom_khong_the_dau/chapter_9', 'cm08'),
    ('c75','Chapter 10', 100, 200, '2024/04/01', 'vung_trom_khong_the_dau/chapter_10', 'cm08'),
    ('c76','Chapter 1', 100, 200, '2024/04/01', 'black_clover/chapter_1', 'cm09'),
    ('c77','Chapter 2', 100, 200, '2024/04/01', 'black_clover/chapter_2', 'cm09'),
    ('c78','Chapter 3', 100, 200, '2024/04/01', 'black_clover/chapter_3', 'cm09'),
    ('c79','Chapter 4', 100, 200, '2024/04/01', 'black_clover/chapter_4', 'cm09'),
    ('c80','Chapter 5', 100, 200, '2024/04/01', 'black_clover/chapter_5', 'cm09'),
    ('c81','Chapter 6', 100, 200, '2024/04/01', 'black_clover/chapter_6', 'cm09'),
    ('c82','Chapter 7', 100, 200, '2024/04/01', 'black_clover/chapter_7', 'cm09'),
    ('c83','Chapter 8', 100, 200, '2024/04/01', 'black_clover/chapter_8', 'cm09'),
    ('c84','Chapter 1', 100, 200, '2024/04/01', 'boruto/chapter_1', 'cm10'),
    ('c85','Chapter 2', 100, 200, '2024/04/01', 'boruto/chapter_2', 'cm10'),
    ('c86','Chapter 3', 100, 200, '2024/04/01', 'boruto/chapter_3', 'cm10'),
    ('c87','Chapter 4', 100, 200, '2024/04/01', 'boruto/chapter_4', 'cm10'),
    ('c88','Chapter 5', 100, 200, '2024/04/01', 'boruto/chapter_5', 'cm10'),
    ('c89','Chapter 6', 100, 200, '2024/04/01', 'boruto/chapter_6', 'cm10'),
    ('c90','Chapter 7', 100, 200, '2024/04/01', 'boruto/chapter_7', 'cm10'),
    ('c91','Chapter 8', 100, 200, '2024/04/01', 'boruto/chapter_8', 'cm10'),
    ('c92','Chapter 1', 100, 200, '2024/04/01', 'dich_vu_cho_thue_ban_gai/chapter_1', 'cm11'),
    ('c93','Chapter 2', 100, 200, '2024/04/01', 'dich_vu_cho_thue_ban_gai/chapter_2', 'cm11'),
    ('c94','Chapter 3', 100, 200, '2024/04/01', 'dich_vu_cho_thue_ban_gai/chapter_3', 'cm11'),
    ('c95','Chapter 4', 100, 200, '2024/04/01', 'dich_vu_cho_thue_ban_gai/chapter_4', 'cm11'),
    ('c96','Chapter 5', 100, 200, '2024/04/01', 'dich_vu_cho_thue_ban_gai/chapter_5', 'cm11'),
    ('c97','Chapter 6', 100, 200, '2024/04/01', 'dich_vu_cho_thue_ban_gai/chapter_6', 'cm11'),
    ('c98','Chapter 7', 100, 200, '2024/04/01', 'dich_vu_cho_thue_ban_gai/chapter_7', 'cm11'),
    ('c99','Chapter 8', 100, 200, '2024/04/01', 'dich_vu_cho_thue_ban_gai/chapter_8', 'cm11'),
    ('c100','Chapter 1', 100, 200, '2024/04/01', 'spyxfamily/chapter_1', 'cm12'),
    ('c101','Chapter 2', 100, 200, '2024/04/01', 'spyxfamily/chapter_2', 'cm12'),
    ('c102','Chapter 3', 100, 200, '2024/04/01', 'spyxfamily/chapter_3', 'cm12'),
    ('c103','Chapter 4', 100, 200, '2024/04/01', 'spyxfamily/chapter_4', 'cm12'),
    ('c104','Chapter 5', 100, 200, '2024/04/01', 'spyxfamily/chapter_5', 'cm12'),
    ('c105','Chapter 6', 100, 200, '2024/04/01', 'spyxfamily/chapter_6', 'cm12'),
    ('c106','Chapter 7', 100, 200, '2024/04/01', 'spyxfamily/chapter_7', 'cm12'),
    ('c107','Chapter 8', 100, 200, '2024/04/01', 'spyxfamily/chapter_8', 'cm12'),
    ('c108','Chapter 1', 100, 200, '2024/04/01', 'naruto/chapter_1', 'cm13'),
    ('c109','Chapter 2', 100, 200, '2024/04/01', 'naruto/chapter_2', 'cm13'),
    ('c110','Chapter 3', 100, 200, '2024/04/01', 'naruto/chapter_3', 'cm13'),
    ('c111','Chapter 4', 100, 200, '2024/04/01', 'naruto/chapter_4', 'cm13'),
    ('c112','Chapter 5', 100, 200, '2024/04/01', 'naruto/chapter_5', 'cm13'),
    ('c113','Chapter 6', 100, 200, '2024/04/01', 'naruto/chapter_6', 'cm13'),
    ('c114','Chapter 7', 100, 200, '2024/04/01', 'naruto/chapter_7', 'cm13'),
    ('c115','Chapter 8', 100, 200, '2024/04/01', 'naruto/chapter_8', 'cm13'),
    ('c116','Chapter 1', 100, 200, '2024/04/01', 'one_punch/chapter_1', 'cm14'),
    ('c117','Chapter 2', 100, 200, '2024/04/01', 'one_punch/chapter_2', 'cm14'),
    ('c118','Chapter 3', 100, 200, '2024/04/01', 'one_punch/chapter_3', 'cm14'),
    ('c119','Chapter 4', 100, 200, '2024/04/01', 'one_punch/chapter_4', 'cm14'),
    ('c120','Chapter 5', 100, 200, '2024/04/01', 'one_punch/chapter_5', 'cm14'),
    ('c121','Chapter 6', 100, 200, '2024/04/01', 'one_punch/chapter_6', 'cm14'),
    ('c122','Chapter 7', 100, 200, '2024/04/01', 'one_punch/chapter_7', 'cm14'),
    ('c123','Chapter 8', 100, 200, '2024/04/01', 'one_punch/chapter_8', 'cm14'),
    ('c124','Chapter 1', 100, 200, '2024/04/01', 'sat_thu_ve_vuon/chapter_1', 'cm15'),
    ('c125','Chapter 2', 100, 200, '2024/04/01', 'sat_thu_ve_vuon/chapter_2', 'cm15'),
    ('c126','Chapter 3', 100, 200, '2024/04/01', 'sat_thu_ve_vuon/chapter_3', 'cm15'),
    ('c127','Chapter 4', 100, 200, '2024/04/01', 'sat_thu_ve_vuon/chapter_4', 'cm15'),
    ('c128','Chapter 5', 100, 200, '2024/04/01', 'sat_thu_ve_vuon/chapter_5', 'cm15'),
    ('c129','Chapter 6', 100, 200, '2024/04/01', 'sat_thu_ve_vuon/chapter_6', 'cm15'),
    ('c130','Chapter 7', 100, 200, '2024/04/01', 'sat_thu_ve_vuon/chapter_7', 'cm15'),
    ('c131','Chapter 8', 100, 200, '2024/04/01', 'sat_thu_ve_vuon/chapter_8', 'cm15'),
    ('c132','Chapter 1', 100, 200, '2024/04/01', 'tien_dao_so_1/chapter_1', 'cm16'),
    ('c133','Chapter 2', 100, 200, '2024/04/01', 'tien_dao_so_1/chapter_2', 'cm16'),
    ('c134','Chapter 3', 100, 200, '2024/04/01', 'tien_dao_so_1/chapter_3', 'cm16'),
    ('c135','Chapter 4', 100, 200, '2024/04/01', 'tien_dao_so_1/chapter_4', 'cm16'),
    ('c136','Chapter 5', 100, 200, '2024/04/01', 'tien_dao_so_1/chapter_5', 'cm16'),
    ('c137','Chapter 6', 100, 200, '2024/04/01', 'tien_dao_so_1/chapter_6', 'cm16'),
    ('c138','Chapter 7', 100, 200, '2024/04/01', 'tien_dao_so_1/chapter_7', 'cm16'),
    ('c139','Chapter 8', 100, 200, '2024/04/01', 'tien_dao_so_1/chapter_8', 'cm16'),
    ('c140','Chapter 1', 100, 200, '2024/04/01', 'vi_hon_the_khe_uoc_cua_cong_tuoc/chapter_1', 'cm17'),
    ('c141','Chapter 2', 100, 200, '2024/04/01', 'vi_hon_the_khe_uoc_cua_cong_tuoc/chapter_2', 'cm17'),
    ('c142','Chapter 3', 100, 200, '2024/04/01', 'vi_hon_the_khe_uoc_cua_cong_tuoc/chapter_3', 'cm17'),
    ('c143','Chapter 4', 100, 200, '2024/04/01', 'vi_hon_the_khe_uoc_cua_cong_tuoc/chapter_4', 'cm17'),
    ('c144','Chapter 5', 100, 200, '2024/04/01', 'vi_hon_the_khe_uoc_cua_cong_tuoc/chapter_5', 'cm17'),
    ('c145','Chapter 6', 100, 200, '2024/04/01', 'vi_hon_the_khe_uoc_cua_cong_tuoc/chapter_6', 'cm17'),
    ('c146','Chapter 7', 100, 200, '2024/04/01', 'vi_hon_the_khe_uoc_cua_cong_tuoc/chapter_7', 'cm17'),
    ('c147','Chapter 8', 100, 200, '2024/04/01', 'vi_hon_the_khe_uoc_cua_cong_tuoc/chapter_8', 'cm17'),
    ('c148','Chapter 9', 100, 200, '2024/04/01', 'vi_hon_the_khe_uoc_cua_cong_tuoc/chapter_9', 'cm17'),
    ('c149','Chapter 1', 100, 200, '2024/04/01', 'thiet_kiem_si_hoi_quy/chapter_1', 'cm18'),
    ('c150','Chapter 2', 100, 200, '2024/04/01', 'thiet_kiem_si_hoi_quy/chapter_2', 'cm18'),
    ('c151','Chapter 3', 100, 200, '2024/04/01', 'thiet_kiem_si_hoi_quy/chapter_3', 'cm18'),
    ('c152','Chapter 4', 100, 200, '2024/04/01', 'thiet_kiem_si_hoi_quy/chapter_4', 'cm18'),
    ('c153','Chapter 5', 100, 200, '2024/04/01', 'thiet_kiem_si_hoi_quy/chapter_5', 'cm18'),
    ('c154','Chapter 6', 100, 200, '2024/04/01', 'thiet_kiem_si_hoi_quy/chapter_6', 'cm18'),
    ('c155','Chapter 7', 100, 200, '2024/04/01', 'thiet_kiem_si_hoi_quy/chapter_7', 'cm18'),
    ('c156','Chapter 1', 100, 200, '2024/04/01', 'solo_leveling_1/chapter_1', 'cm19'),
    ('c157','Chapter 2', 100, 200, '2024/04/01', 'solo_leveling_1/chapter_2', 'cm19'),
    ('c158','Chapter 3', 100, 200, '2024/04/01', 'solo_leveling_1/chapter_3', 'cm19'),
    ('c159','Chapter 4', 100, 200, '2024/04/01', 'solo_leveling_1/chapter_4', 'cm19'),
    ('c160','Chapter 5', 100, 200, '2024/04/01', 'solo_leveling_1/chapter_5', 'cm19'),
    ('c161','Chapter 6', 100, 200, '2024/04/01', 'solo_leveling_1/chapter_6', 'cm19'),
    ('c162','Chapter 7', 100, 200, '2024/04/01', 'solo_leveling_1/chapter_7', 'cm19'),
    ('c163','Chapter 8', 100, 200, '2024/04/01', 'solo_leveling_1/chapter_8', 'cm19'),
    ('c164','Chapter 1', 100, 200, '2024/04/01', 'solo_leveling_2/chapter_1', 'cm20'),
    ('c165','Chapter 2', 100, 200, '2024/04/01', 'solo_leveling_2/chapter_2', 'cm20'),
    ('c166','Chapter 3', 100, 200, '2024/04/01', 'solo_leveling_2/chapter_3', 'cm20'),
    ('c167','Chapter 4', 100, 200, '2024/04/01', 'solo_leveling_2/chapter_4', 'cm20'),
    ('c168','Chapter 5', 100, 200, '2024/04/01', 'solo_leveling_2/chapter_5', 'cm20'),
    ('c169','Chapter 6', 100, 200, '2024/04/01', 'solo_leveling_2/chapter_6', 'cm20'),
    ('c170','Chapter 7', 100, 200, '2024/04/01', 'solo_leveling_2/chapter_7', 'cm20'),
    ('c171','Chapter 8', 100, 200, '2024/04/01', 'solo_leveling_2/chapter_8', 'cm20'),
    ('c172','Chapter 1', 100, 200, '2024/04/01', 'solo_leveling_3/chapter_1', 'cm21'),
    ('c173','Chapter 2', 100, 200, '2024/04/01', 'solo_leveling_3/chapter_2', 'cm21'),
    ('c174','Chapter 3', 100, 200, '2024/04/01', 'solo_leveling_3/chapter_3', 'cm21'),
    ('c175','Chapter 4', 100, 200, '2024/04/01', 'solo_leveling_3/chapter_4', 'cm21'),
    ('c176','Chapter 5', 100, 200, '2024/04/01', 'solo_leveling_3/chapter_5', 'cm21'),
    ('c177','Chapter 6', 100, 200, '2024/04/01', 'solo_leveling_3/chapter_6', 'cm21'),
    ('c178','Chapter 7', 100, 200, '2024/04/01', 'solo_leveling_3/chapter_7', 'cm21'),
    ('c179','Chapter 8', 100, 200, '2024/04/01', 'solo_leveling_3/chapter_8', 'cm21'),
    ('c180','Chapter 1', 100, 200, '2024/04/01', 'cuop_dau/chapter_1', 'cm22'),
    ('c181','Chapter 2', 100, 200, '2024/04/01', 'cuop_dau/chapter_2', 'cm22'),
    ('c182','Chapter 3', 100, 200, '2024/04/01', 'cuop_dau/chapter_3', 'cm22'),
    ('c183','Chapter 4', 100, 200, '2024/04/01', 'cuop_dau/chapter_4', 'cm22'),
    ('c184','Chapter 5', 100, 200, '2024/04/01', 'cuop_dau/chapter_5', 'cm22'),
    ('c185','Chapter 6', 100, 200, '2024/04/01', 'cuop_dau/chapter_6', 'cm22'),
    ('c186','Chapter 7', 100, 200, '2024/04/01', 'cuop_dau/chapter_7', 'cm22'),
    ('c187','Chapter 8', 100, 200, '2024/04/01', 'cuop_dau/chapter_8', 'cm22'),
    ('c188','Chapter 9', 100, 200, '2024/04/01', 'cuop_dau/chapter_9', 'cm22'),
    ('c189','Chapter 1', 100, 200, '2024/04/01', 'cung_quy_kiem_than/chapter_1', 'cm23'),
    ('c190','Chapter 2', 100, 200, '2024/04/01', 'cung_quy_kiem_than/chapter_2', 'cm23'),
    ('c191','Chapter 3', 100, 200, '2024/04/01', 'cung_quy_kiem_than/chapter_3', 'cm23'),
    ('c192','Chapter 4', 100, 200, '2024/04/01', 'cung_quy_kiem_than/chapter_4', 'cm23'),
    ('c193','Chapter 5', 100, 200, '2024/04/01', 'cung_quy_kiem_than/chapter_5', 'cm23'),
    ('c194','Chapter 6', 100, 200, '2024/04/01', 'cung_quy_kiem_than/chapter_6', 'cm23'),
    ('c195','Chapter 7', 100, 200, '2024/04/01', 'cung_quy_kiem_than/chapter_7', 'cm23'),
    ('c196','Chapter 1', 100, 200, '2024/04/01', 'ban_hoc_toi_la_linh_danh_thue/chapter_1', 'cm24'),
    ('c197','Chapter 2', 100, 200, '2024/04/01', 'ban_hoc_toi_la_linh_danh_thue/chapter_2', 'cm24'),
    ('c198','Chapter 3', 100, 200, '2024/04/01', 'ban_hoc_toi_la_linh_danh_thue/chapter_3', 'cm24'),
    ('c199','Chapter 4', 100, 200, '2024/04/01', 'ban_hoc_toi_la_linh_danh_thue/chapter_4', 'cm24'),
    ('c200','Chapter 5', 100, 200, '2024/04/01', 'ban_hoc_toi_la_linh_danh_thue/chapter_5', 'cm24'),
    ('c201','Chapter 6', 100, 200, '2024/04/01', 'ban_hoc_toi_la_linh_danh_thue/chapter_6', 'cm24'),
    ('c202','Chapter 7', 100, 200, '2024/04/01', 'ban_hoc_toi_la_linh_danh_thue/chapter_7', 'cm24'),
    ('c203','Chapter 8', 100, 200, '2024/04/01', 'ban_hoc_toi_la_linh_danh_thue/chapter_8', 'cm24');

CREATE TABLE category (
    id_category varchar(10) NOT NULL,
    name_category varchar(25) NOT NULL,
    PRIMARY KEY (id_category)
) ENGINE=MyISAM DEFAULT CHARSET=utf8;

INSERT INTO category(id_category, name_category) VALUES
    ('cg01', 'manga'),
    ('cg02', 'manhua'),
    ('cg03', 'manwa'),
    ('cg04', 'ngôn tình'),
    ('cg05', 'action'),
    ('cg06', 'chuyển sinh'),
    ('cg07', 'truyện màu'),
    ('cg08', 'xuyên không'),
    ('cg09', 'adventure'),
    ('cg10', 'fantasy'),
    ('cg11', 'comedy'),
    ('cg12', 'mecha');

CREATE TABLE comic_category (
    id_comic varchar(10) NOT NULL,
    id_category varchar(10) NOT NULL,
    PRIMARY KEY(id_comic,id_category),
    FOREIGN KEY (id_comic) REFERENCES comic(id_comic),
    FOREIGN KEY (id_category) REFERENCES category(id_category)
) ENGINE=MyISAM DEFAULT CHARSET=utf8;

INSERT INTO comic_category(id_comic, id_category) VALUES
    ('cm01', 'cg02'),
    ('cm01', 'cg05'),
    ('cm01', 'cg06'),
    ('cm01', 'cg07'),
    ('cm02', 'cg02'),
    ('cm02', 'cg05'),
    ('cm02', 'cg08'),
    ('cm02', 'cg09'),
    ('cm02', 'cg07'),
    ('cm03', 'cg02'),
    ('cm03', 'cg04'),
    ('cm03', 'cg07'),
    ('cm04', 'cg02'),
    ('cm04', 'cg05'),
    ('cm04', 'cg07'),
    ('cm04', 'cg10'),
    ('cm05', 'cg02'),
    ('cm05', 'cg05'),
    ('cm05', 'cg07'),
    ('cm05', 'cg08'),
    ('cm05', 'cg09'),
    ('cm06', 'cg02'),
    ('cm06', 'cg07'),
    ('cm06', 'cg12'),
    ('cm07', 'cg02'),
    ('cm07', 'cg05'),
    ('cm07', 'cg07'),
    ('cm08', 'cg02'),
    ('cm08', 'cg04'),
    ('cm08', 'cg07'),
    ('cm09', 'cg01'),
    ('cm09', 'cg05'),
    ('cm09', 'cg10'),
    ('cm10', 'cg01'),
    ('cm10', 'cg05'),
    ('cm11', 'cg01'),
    ('cm11', 'cg04'),
    ('cm12', 'cg01'),
    ('cm12', 'cg04'),
    ('cm12', 'cg11'),
    ('cm13', 'cg01'),
    ('cm13', 'cg05'),
    ('cm13', 'cg07'),
    ('cm14', 'cg01'),
    ('cm14', 'cg11'),
    ('cm15', 'cg01'),
    ('cm15', 'cg11'),
    ('cm16', 'cg01'),
    ('cm16', 'cg05'),
    ('cm17', 'cg03'),
    ('cm17', 'cg04'),
    ('cm18', 'cg03'),
    ('cm18', 'cg06'),
    ('cm19', 'cg03'),
    ('cm19', 'cg05'),
    ('cm19', 'cg07'),
    ('cm20', 'cg03'),
    ('cm20', 'cg05'),
    ('cm20', 'cg07'),
    ('cm21', 'cg03'),
    ('cm21', 'cg05'),
    ('cm21', 'cg07'),
    ('cm22', 'cg03'),
    ('cm22', 'cg04'),
    ('cm23', 'cg03'),
    ('cm23', 'cg09'),
    ('cm23', 'cg05'),
    ('cm24', 'cg03'),
    ('cm24', 'cg05');

CREATE TABLE user (
    id_user varchar(10) NOT NULL,
    name_user varchar(20) NOT NULL,
    username varchar(20) NOT NULL,
    pass varchar(20) NOT NULL,
    email varchar(30) NOT NULL,
    phone varchar(11) NOT NULL,
    count INT NOT NULL,
    levels INT NOT NULL,
    PRIMARY KEY (id_user)
) ENGINE=MyISAM DEFAULT CHARSET=utf8;

INSERT INTO user(id_user, name_user, username, pass, email, phone, count, levels) VALUES
    ('us1', 'Mèo béo', 'user001', '0000001', 'user001.beta@gmail.com', '0000000001', 915, 3 ),
    ('us2', 'Tiểu Ngư', 'user002', '0000002', 'user002.beta@gmail.com', '0000000002', 85, 2 ),
    ('us3', 'Mạnh ngu', 'user003', '0000003', 'user003.beta@gmail.com', '0000000003', 1530, 4 ),
    ('us4', 'Nhâm đần', 'user004', '0000004', 'user004.beta@gmail.com', '0000000004', 2610, 4 ),
    ('us5', 'Thông ocko', 'user005', '0000005', 'user005.beta@gmail.com', '0000000005', 55, 2 ),
    ('us6', 'Thành wibu', 'user006', '0000006', 'user006.beta@gmail.com', '0000000006', 820, 3 ),
    ('us7', 'Vũ soái ca', 'user007', '0000007', 'user007.beta@gmail.com', '0000000007', 1000, 3 ),
    ('us8', 'NapoleMinh', 'user008', '0000008', 'user008.beta@gmail.com', '0000000008', 10010, 5 ),
    ('us9', 'Trùm chap', 'user009', '0000009', 'user009.beta@gmail.com', '0000000009', 11302, 5 );

CREATE TABLE follow (
    id_user varchar(10) NOT NULL,
    id_comic varchar(10) NOT NULL,
    fl_time date NOT NULL,
    PRIMARY KEY (id_user, id_comic),
    FOREIGN KEY (id_user) REFERENCES user(id_user),
    FOREIGN KEY (id_comic) REFERENCES comic(id_comic)
) ENGINE=MyISAM DEFAULT CHARSET=utf8;